[
{
    "pk": 1,
    "model": "aputils.country",
    "fields": {
        "code": "USA",
        "name": "United States of America"
    }
},
{
    "pk": 2,
    "model": "aputils.country",
    "fields": {
        "code": "CAN",
        "name": "Canada"
    }
},
{
    "pk": 3,
    "model": "aputils.country",
    "fields": {
        "code": "CHN",
        "name": "China"
    }
},
{
    "pk": 4,
    "model": "aputils.country",
    "fields": {
        "code": "ESP",
        "name": "Spain"
    }
},
{
    "pk": 5,
    "model": "aputils.country",
    "fields": {
        "code": "ZAF",
        "name": "South Africa"
    }
},
{
    "pk": 6,
    "model": "aputils.country",
    "fields": {
        "code": "BRA",
        "name": "Brazil"
    }
},
{
    "pk": 7,
    "model": "aputils.country",
    "fields": {
        "code": "GRD",
        "name": "Grenada"
    }
},
{
    "pk": 8,
    "model": "aputils.country",
    "fields": {
        "code": "SGP",
        "name": "Singapore"
    }
},
{
    "pk": 9,
    "model": "aputils.country",
    "fields": {
        "code": "THA",
        "name": "Thailand"
    }
},
{
    "pk": 10,
    "model": "aputils.country",
    "fields": {
        "code": "NZL",
        "name": "New Zealand"
    }
},
{
    "pk": 11,
    "model": "aputils.country",
    "fields": {
        "code": "IDN",
        "name": "Indonesia"
    }
},
{
    "pk": 12,
    "model": "aputils.country",
    "fields": {
        "code": "ARG",
        "name": "Argentina"
    }
},
{
    "pk": 13,
    "model": "aputils.country",
    "fields": {
        "code": "KOR",
        "name": "Republic of Korea"
    }
},
{
    "pk": 14,
    "model": "aputils.country",
    "fields": {
        "code": "PHL",
        "name": "Philppines"
    }
},
{
    "pk": 15,
    "model": "aputils.country",
    "fields": {
        "code": "CHL",
        "name": "Chile"
    }
},
{
    "pk": 1,
    "model": "aputils.city",
    "fields": {
        "country": 1,
        "region": "California",
        "name": "Los Angeles"
    }
},
{
    "pk": 2,
    "model": "aputils.city",
    "fields": {
        "country": 1,
        "region": "California",
        "name": "Anaheim"
    }
},
{
    "pk": 3,
    "model": "aputils.city",
    "fields": {
        "country": 1,
        "region": "California",
        "name": "Alhambra"
    }
},
{
    "pk": 4,
    "model": "aputils.city",
    "fields": {
        "country": 1,
        "region": "California",
        "name": "San Gabriel"
    }
},
{
    "pk": 5,
    "model": "aputils.city",
    "fields": {
        "country": 1,
        "region": "California",
        "name": "Berkeley"
    }
},
{
    "pk": 6,
    "model": "aputils.city",
    "fields": {
        "country": 1,
        "region": "California",
        "name": "Irvine"
    }
},
{
    "pk": 7,
    "model": "aputils.city",
    "fields": {
        "country": 1,
        "region": "California",
        "name": "San Diego"
    }
},
{
    "pk": 8,
    "model": "aputils.city",
    "fields": {
        "country": 1,
        "region": "New York",
        "name": "New York City"
    }
},
{
    "pk": 9,
    "model": "aputils.city",
    "fields": {
        "country": 1,
        "region": "Illinois",
        "name": "Chicago"
    }
},
{
    "pk": 10,
    "model": "aputils.city",
    "fields": {
        "country": 1,
        "region": "Massachusetts",
        "name": "Boston"
    }
},
{
    "pk": 11,
    "model": "aputils.city",
    "fields": {
        "country": 1,
        "region": "Georgia",
        "name": "Atlanta"
    }
},
{
    "pk": 12,
    "model": "aputils.city",
    "fields": {
        "country": 1,
        "region": "California",
        "name": "Arcadia"
    }
},
{
    "pk": 13,
    "model": "aputils.city",
    "fields": {
        "country": 1,
        "region": "Texas",
        "name": "Houston"
    }
},
{
    "pk": 14,
    "model": "aputils.city",
    "fields": {
        "country": 1,
        "region": "Texas",
        "name": "Austin"
    }
},
{
    "pk": 15,
    "model": "aputils.city",
    "fields": {
        "country": 1,
        "region": "Louisiana",
        "name": "Baton Rouge"
    }
},
{
    "pk": 16,
    "model": "aputils.city",
    "fields": {
        "country": 1,
        "region": "Washington",
        "name": "Seattle"
    }
},
{
    "pk": 17,
    "model": "aputils.city",
    "fields": {
        "country": 1,
        "region": "Washington",
        "name": "Spokane"
    }
},
{
    "pk": 18,
    "model": "aputils.city",
    "fields": {
        "country": 1,
        "region": "California",
        "name": "Portland"
    }
},
{
    "pk": 19,
    "model": "aputils.city",
    "fields": {
        "country": 1,
        "region": "Utah",
        "name": "Salt Lake City"
    }
},
{
    "pk": 20,
    "model": "aputils.city",
    "fields": {
        "country": 1,
        "region": "Illinois",
        "name": "Champaign"
    }
},
{
    "pk": 21,
    "model": "aputils.city",
    "fields": {
        "country": 1,
        "region": "Wisconsin",
        "name": "Madison"
    }
},
{
    "pk": 22,
    "model": "aputils.city",
    "fields": {
        "country": 1,
        "region": "Wisconsin",
        "name": "Milwaukee"
    }
},
{
    "pk": 23,
    "model": "aputils.city",
    "fields": {
        "country": 1,
        "region": "California",
        "name": "Torrance"
    }
},
{
    "pk": 24,
    "model": "aputils.city",
    "fields": {
        "country": 1,
        "region": "California",
        "name": "Pasadena"
    }
},
{
    "pk": 25,
    "model": "aputils.city",
    "fields": {
        "country": 1,
        "region": "California",
        "name": "East Los Angeles"
    }
},
{
    "pk": 26,
    "model": "aputils.city",
    "fields": {
        "country": 1,
        "region": "California",
        "name": "Monterey Park"
    }
},
{
    "pk": 27,
    "model": "aputils.city",
    "fields": {
        "country": 1,
        "region": "California",
        "name": "El Monte"
    }
},
{
    "pk": 28,
    "model": "aputils.city",
    "fields": {
        "country": 1,
        "region": "California",
        "name": "Cerritos"
    }
},
{
    "pk": 29,
    "model": "aputils.city",
    "fields": {
        "country": 1,
        "region": "California",
        "name": "San Francisco"
    }
},
{
    "pk": 30,
    "model": "aputils.city",
    "fields": {
        "country": 1,
        "region": "Texas",
        "name": "College Station"
    }
},
{
    "pk": 31,
    "model": "aputils.city",
    "fields": {
        "country": 1,
        "region": "Oregon",
        "name": "Eugene"
    }
},
{
    "pk": 32,
    "model": "aputils.city",
    "fields": {
        "country": 1,
        "region": "Colorado",
        "name": "Fort Collins"
    }
},
{
    "pk": 33,
    "model": "aputils.city",
    "fields": {
        "country": 1,
        "region": "Colorado",
        "name": "Denver"
    }
},
{
    "pk": 34,
    "model": "aputils.city",
    "fields": {
        "country": 1,
        "region": "Texas",
        "name": "Denton"
    }
},
{
    "pk": 35,
    "model": "aputils.city",
    "fields": {
        "country": 1,
        "region": "Texas",
        "name": "Dallas"
    }
},
{
    "pk": 36,
    "model": "aputils.city",
    "fields": {
        "country": 1,
        "region": "Georgia",
        "name": "Athens"
    }
},
{
    "pk": 37,
    "model": "aputils.city",
    "fields": {
        "country": 1,
        "region": "Connecticut",
        "name": "Newington"
    }
},
{
    "pk": 38,
    "model": "aputils.city",
    "fields": {
        "country": 1,
        "region": "Massachusetts",
        "name": "Cambridge"
    }
},
{
    "pk": 39,
    "model": "aputils.city",
    "fields": {
        "country": 1,
        "region": "Virginia",
        "name": "Charlottesville"
    }
},
{
    "pk": 40,
    "model": "aputils.city",
    "fields": {
        "country": 1,
        "region": "Florida",
        "name": "Orlando"
    }
},
{
    "pk": 41,
    "model": "aputils.city",
    "fields": {
        "country": 1,
        "region": "Florida",
        "name": "Gainesville"
    }
},
{
    "pk": 42,
    "model": "aputils.city",
    "fields": {
        "country": 1,
        "region": "Washington",
        "name": "Bellingham"
    }
},
{
    "pk": 43,
    "model": "aputils.city",
    "fields": {
        "country": 1,
        "region": "California",
        "name": "San Luis Obispo"
    }
},
{
    "pk": 44,
    "model": "aputils.city",
    "fields": {
        "country": 1,
        "region": "California",
        "name": "Fresno"
    }
},
{
    "pk": 45,
    "model": "aputils.city",
    "fields": {
        "country": 1,
        "region": "California",
        "name": "Pleasanton"
    }
},
{
    "pk": 46,
    "model": "aputils.city",
    "fields": {
        "country": 1,
        "region": "Pennsylvania",
        "name": "Philadelphia"
    }
},
{
    "pk": 47,
    "model": "aputils.city",
    "fields": {
        "country": 1,
        "region": "Pennsylvania",
        "name": "Pittsburgh"
    }
},
{
    "pk": 48,
    "model": "aputils.city",
    "fields": {
        "country": 1,
        "region": "Michigan",
        "name": "Ann Arbor"
    }
},
{
    "pk": 49,
    "model": "aputils.city",
    "fields": {
        "country": 1,
        "region": "Minnesota",
        "name": "Minneapolis"
    }
},
{
    "pk": 50,
    "model": "aputils.city",
    "fields": {
        "country": 1,
        "region": "Washington",
        "name": "Pullman"
    }
},
{
    "pk": 51,
    "model": "aputils.city",
    "fields": {
        "country": 1,
        "region": "California",
        "name": "Huntington Beach"
    }
},
{
    "pk": 52,
    "model": "aputils.city",
    "fields": {
        "country": 1,
        "region": "California",
        "name": "Fullerton"
    }
},
{
    "pk": 53,
    "model": "aputils.city",
    "fields": {
        "country": 1,
        "region": "California",
        "name": "Diamond Bar"
    }
},
{
    "pk": 54,
    "model": "aputils.city",
    "fields": {
        "country": 1,
        "region": "California",
        "name": "Cupertino"
    }
},
{
    "pk": 55,
    "model": "aputils.city",
    "fields": {
        "country": 1,
        "region": "California",
        "name": "San Jose"
    }
},
{
    "pk": 56,
    "model": "aputils.city",
    "fields": {
        "country": 1,
        "region": "California",
        "name": "Palo Alto"
    }
},
{
    "pk": 57,
    "model": "aputils.city",
    "fields": {
        "country": 1,
        "region": "California",
        "name": "Santa Clara"
    }
},
{
    "pk": 58,
    "model": "aputils.city",
    "fields": {
        "country": 1,
        "region": "California",
        "name": "Burlingame"
    }
},
{
    "pk": 59,
    "model": "aputils.city",
    "fields": {
        "country": 1,
        "region": "Washington",
        "name": "Tacoma"
    }
},
{
    "pk": 60,
    "model": "aputils.city",
    "fields": {
        "country": 1,
        "region": "Maryland",
        "name": "Beltsville"
    }
},
{
    "pk": 61,
    "model": "aputils.city",
    "fields": {
        "country": 1,
        "region": "Texas",
        "name": "Arlington"
    }
},
{
    "pk": 62,
    "model": "aputils.city",
    "fields": {
        "country": 1,
        "region": "California",
        "name": "Baldwin Park"
    }
},
{
    "pk": 63,
    "model": "aputils.city",
    "fields": {
        "country": 1,
        "region": "California",
        "name": "Riverside"
    }
},
{
    "pk": 64,
    "model": "aputils.city",
    "fields": {
        "country": 1,
        "region": "Ohio",
        "name": "Fairborn"
    }
},
{
    "pk": 65,
    "model": "aputils.city",
    "fields": {
        "country": 1,
        "region": "New Mexico",
        "name": "Albuquerque"
    }
},
{
    "pk": 66,
    "model": "aputils.city",
    "fields": {
        "country": 1,
        "region": "California",
        "name": "Long Beach"
    }
},
{
    "pk": 67,
    "model": "aputils.city",
    "fields": {
        "country": 1,
        "region": "California",
        "name": "Davis"
    }
},
{
    "pk": 68,
    "model": "aputils.city",
    "fields": {
        "country": 1,
        "region": "Alabama",
        "name": "Birmingham"
    }
},
{
    "pk": 69,
    "model": "aputils.city",
    "fields": {
        "country": 1,
        "region": "New Jersey",
        "name": "Piscataway"
    }
},
{
    "pk": 70,
    "model": "aputils.city",
    "fields": {
        "country": 1,
        "region": "Virginia",
        "name": "Richmond"
    }
},
{
    "pk": 71,
    "model": "aputils.city",
    "fields": {
        "country": 1,
        "region": "California",
        "name": "Orange"
    }
},
{
    "pk": 72,
    "model": "aputils.city",
    "fields": {
        "country": 1,
        "region": "Florida",
        "name": "Miami"
    }
},
{
    "pk": 73,
    "model": "aputils.city",
    "fields": {
        "country": 1,
        "region": "Texas",
        "name": "Irving"
    }
},
{
    "pk": 74,
    "model": "aputils.city",
    "fields": {
        "country": 1,
        "region": "Kansas",
        "name": "Manhattan"
    }
},
{
    "pk": 75,
    "model": "aputils.city",
    "fields": {
        "country": 1,
        "region": "California",
        "name": "Ontario"
    }
},
{
    "pk": 76,
    "model": "aputils.city",
    "fields": {
        "country": 1,
        "region": "Connecticut",
        "name": "Storrs"
    }
},
{
    "pk": 77,
    "model": "aputils.city",
    "fields": {
        "country": 1,
        "region": "Oklahoma",
        "name": "Oklahoma City"
    }
},
{
    "pk": 78,
    "model": "aputils.city",
    "fields": {
        "country": 1,
        "region": "Florida",
        "name": "Tallahassee"
    }
},
{
    "pk": 79,
    "model": "aputils.city",
    "fields": {
        "country": 1,
        "region": "Virginia",
        "name": "Dunn Loring"
    }
},
{
    "pk": 80,
    "model": "aputils.city",
    "fields": {
        "country": 1,
        "region": "North Carolina",
        "name": "Raleigh"
    }
},
{
    "pk": 81,
    "model": "aputils.city",
    "fields": {
        "country": 1,
        "region": "New Jersey",
        "name": "Nutley"
    }
},
{
    "pk": 82,
    "model": "aputils.city",
    "fields": {
        "country": 1,
        "region": "New Jersey",
        "name": "Lawrence"
    }
},
{
    "pk": 83,
    "model": "aputils.city",
    "fields": {
        "country": 1,
        "region": "Arizona",
        "name": "Phoenix"
    }
},
{
    "pk": 84,
    "model": "aputils.city",
    "fields": {
        "country": 1,
        "region": "Washington",
        "name": "Bellevue"
    }
},
{
    "pk": 85,
    "model": "aputils.city",
    "fields": {
        "country": 1,
        "region": "Rhode Island",
        "name": "North Providence"
    }
},
{
    "pk": 86,
    "model": "aputils.city",
    "fields": {
        "country": 1,
        "region": "Iowa",
        "name": "Ames"
    }
},
{
    "pk": 87,
    "model": "aputils.city",
    "fields": {
        "country": 1,
        "region": "Ohio",
        "name": "Columbus"
    }
},
{
    "pk": 88,
    "model": "aputils.city",
    "fields": {
        "country": 1,
        "region": "Texas",
        "name": "Beaumont"
    }
},
{
    "pk": 89,
    "model": "aputils.city",
    "fields": {
        "country": 1,
        "region": "California",
        "name": "San Bernardino"
    }
},
{
    "pk": 90,
    "model": "aputils.city",
    "fields": {
        "country": 2,
        "region": "British Columbia",
        "name": "Vancouver"
    }
},
{
    "pk": 91,
    "model": "aputils.city",
    "fields": {
        "country": 2,
        "region": "Ontario",
        "name": "Toronto"
    }
},
{
    "pk": 92,
    "model": "aputils.city",
    "fields": {
        "country": 2,
        "region": "British Columbia",
        "name": "Surrey"
    }
},
{
    "pk": 93,
    "model": "aputils.city",
    "fields": {
        "country": 2,
        "region": "British Columbia",
        "name": "Burnaby"
    }
},
{
    "pk": 94,
    "model": "aputils.city",
    "fields": {
        "country": 2,
        "region": "Quebec",
        "name": "Montreal"
    }
},
{
    "pk": 95,
    "model": "aputils.city",
    "fields": {
        "country": 2,
        "region": "Ontario",
        "name": "Sault Ste. Marie"
    }
},
{
    "pk": 96,
    "model": "aputils.city",
    "fields": {
        "country": 6,
        "region": "Federal District",
        "name": "Brasilia"
    }
},
{
    "pk": 97,
    "model": "aputils.city",
    "fields": {
        "country": 3,
        "region": "Macau",
        "name": "Macau"
    }
},
{
    "pk": 98,
    "model": "aputils.city",
    "fields": {
        "country": 8,
        "region": "Singapore",
        "name": "Singapore"
    }
},
{
    "pk": 99,
    "model": "aputils.city",
    "fields": {
        "country": 3,
        "region": "Shanghai",
        "name": "Shanghai"
    }
},
{
    "pk": 100,
    "model": "aputils.city",
    "fields": {
        "country": 9,
        "region": "Bangkok",
        "name": "Bangkok"
    }
},
{
    "pk": 101,
    "model": "aputils.city",
    "fields": {
        "country": 7,
        "region": "Saint George",
        "name": "St. George's"
    }
},
{
    "pk": 102,
    "model": "aputils.city",
    "fields": {
        "country": 5,
        "region": "Gauteng",
        "name": "Pretoria"
    }
},
{
    "pk": 103,
    "model": "aputils.city",
    "fields": {
        "country": 1,
        "region": "Puerto Rico",
        "name": "Arecibo"
    }
},
{
    "pk": 104,
    "model": "aputils.city",
    "fields": {
        "country": 10,
        "region": "Auckland",
        "name": "Auckland"
    }
},
{
    "pk": 105,
    "model": "aputils.city",
    "fields": {
        "country": 11,
        "region": "West Java",
        "name": "Bandung"
    }
},
{
    "pk": 106,
    "model": "aputils.city",
    "fields": {
        "country": 3,
        "region": "Beijing",
        "name": "Beijing"
    }
},
{
    "pk": 107,
    "model": "aputils.city",
    "fields": {
        "country": 12,
        "region": "Buenos Aires",
        "name": "Buenos Aires"
    }
},
{
    "pk": 108,
    "model": "aputils.city",
    "fields": {
        "country": 3,
        "region": "Zhejiang",
        "name": "Hangzhou"
    }
},
{
    "pk": 109,
    "model": "aputils.city",
    "fields": {
        "country": 13,
        "region": "Sudogwon",
        "name": "Incheon"
    }
},
{
    "pk": 110,
    "model": "aputils.city",
    "fields": {
        "country": 4,
        "region": "Community of Madrid",
        "name": "Madrid"
    }
},
{
    "pk": 111,
    "model": "aputils.city",
    "fields": {
        "country": 14,
        "region": "Lanao del Norte",
        "name": "Iligan City"
    }
},
{
    "pk": 112,
    "model": "aputils.city",
    "fields": {
        "country": 14,
        "region": "National Capital Region",
        "name": "Malabon"
    }
},
{
    "pk": 113,
    "model": "aputils.city",
    "fields": {
        "country": 1,
        "region": "California",
        "name": "San Juan Capistrano"
    }
},
{
    "pk": 114,
    "model": "aputils.city",
    "fields": {
        "country": 1,
        "region": "California",
        "name": "San Marco"
    }
},
{
    "pk": 115,
    "model": "aputils.city",
    "fields": {
        "country": 1,
        "region": "California",
        "name": "Santa Barbara"
    }
},
{
    "pk": 116,
    "model": "aputils.city",
    "fields": {
        "country": 15,
        "region": "Santiago Province",
        "name": "Santiago"
    }
},
{
    "pk": 117,
    "model": "aputils.city",
    "fields": {
        "country": 1,
        "region": "California",
        "name": "Yorba Linda"
    }
},
{
    "pk": 118,
    "model": "aputils.city",
    "fields": {
        "country": 2,
        "region": "Manitoba",
        "name": "Winnipeg"
    }
},
{
    "pk": 119,
    "model": "aputils.city",
    "fields": {
        "country": 1,
        "region": "Kansas",
        "name": "Wichita"
    }
},
{
    "pk": 120,
    "model": "aputils.city",
    "fields": {
        "country": 6,
        "region": "Minas Gerais",
        "name": "Uberlandia"
    }
},
{
    "pk": 121,
    "model": "aputils.city",
    "fields": {
        "country": 1,
        "region": "Arizona",
        "name": "Tucson"
    }
},
{
    "pk": 122,
    "model": "aputils.city",
    "fields": {
        "country": 1,
        "region": "Puerto Rico",
        "name": "San German"
    }
},
{
    "pk": 123,
    "model": "aputils.city",
    "fields": {
        "country": 1,
        "region": "Texas",
        "name": "San Antonio"
    }
},
{
    "pk": 124,
    "model": "aputils.city",
    "fields": {
        "country": 1,
        "region": "California",
        "name": "Santa Ana"
    }
},
{
    "pk": 125,
    "model": "aputils.city",
    "fields": {
        "country": 2,
        "region": "Ontario",
        "name": "Markham"
    }
},
{
    "pk": 126,
    "model": "aputils.city",
    "fields": {
        "country": 1,
        "region": "Kentucky",
        "name": "Louisville"
    }
},
{
    "pk": 127,
    "model": "aputils.city",
    "fields": {
        "country": 1,
        "region": "Michigan",
        "name": "Kalamazoo"
    }
},
{
    "pk": 128,
    "model": "aputils.city",
    "fields": {
        "country": 2,
        "region": "Ontario",
        "name": "Kitchener"
    }
},
{
    "pk": 129,
    "model": "aputils.city",
    "fields": {
        "country": 1,
        "region": "Florida",
        "name": "Jacksonville"
    }
},
{
    "pk": 130,
    "model": "aputils.city",
    "fields": {
        "country": 1,
        "region": "Alabama",
        "name": "Huntsville"
    }
},
{
    "pk": 131,
    "model": "aputils.city",
    "fields": {
        "country": 1,
        "region": "Illinois",
        "name": "Glen Ellyn"
    }
},
{
    "pk": 132,
    "model": "aputils.city",
    "fields": {
        "country": 2,
        "region": "Alberta",
        "name": "Calgary"
    }
},
{
    "pk": 133,
    "model": "aputils.city",
    "fields": {
        "country": 1,
        "region": "California",
        "name": "Chula Vista"
    }
},
{
    "pk": 134,
    "model": "aputils.city",
    "fields": {
        "country": 2,
        "region": "Alberta",
        "name": "Edmonton"
    }
},
{
    "pk": 135,
    "model": "aputils.city",
    "fields": {
        "country": 1,
        "region": "Texas",
        "name": "Duncanville"
    }
},
{
    "pk": 1,
    "model": "aputils.address",
    "fields": {
        "city": 2,
        "address1": "1730 W Niobe Ave",
        "address2": "",
        "details": "",
        "zip4": null,
        "zip_code": 92804
    }
},
{
    "pk": 2,
    "model": "aputils.address",
    "fields": {
        "city": 2,
        "address1": "2106 W Grace Ct",
        "address2": "",
        "details": "",
        "zip4": null,
        "zip_code": 92804
    }
},
{
    "pk": 3,
    "model": "aputils.address",
    "fields": {
        "city": 2,
        "address1": "2104 W Grace Ct",
        "address2": "",
        "details": "",
        "zip4": null,
        "zip_code": 92804
    }
},
{
    "pk": 4,
    "model": "aputils.address",
    "fields": {
        "city": 2,
        "address1": "2107 W Grace Ct",
        "address2": "",
        "details": "",
        "zip4": null,
        "zip_code": 92804
    }
},
{
    "pk": 5,
    "model": "aputils.address",
    "fields": {
        "city": 2,
        "address1": "2108 W Grace Ct",
        "address2": "",
        "details": "",
        "zip4": null,
        "zip_code": 92804
    }
},
{
    "pk": 6,
    "model": "aputils.address",
    "fields": {
        "city": 2,
        "address1": "2121 W Grace Ct",
        "address2": "",
        "details": "",
        "zip4": null,
        "zip_code": 92804
    }
},
{
    "pk": 7,
    "model": "aputils.address",
    "fields": {
        "city": 2,
        "address1": "2115 W Grace Ct",
        "address2": "",
        "details": "",
        "zip4": null,
        "zip_code": 92804
    }
},
{
    "pk": 8,
    "model": "aputils.address",
    "fields": {
        "city": 2,
        "address1": "2119 W Grace Ct",
        "address2": "",
        "details": "",
        "zip4": null,
        "zip_code": 92804
    }
},
{
    "pk": 9,
    "model": "aputils.address",
    "fields": {
        "city": 2,
        "address1": "2102 W Grace Ct",
        "address2": "",
        "details": "",
        "zip4": null,
        "zip_code": 92804
    }
},
{
    "pk": 10,
    "model": "aputils.address",
    "fields": {
        "city": 2,
        "address1": "2116 W Grace Ct",
        "address2": "",
        "details": "",
        "zip4": null,
        "zip_code": 92804
    }
},
{
    "pk": 11,
    "model": "aputils.address",
    "fields": {
        "city": 2,
        "address1": "2118 W Grace Ct",
        "address2": "",
        "details": "",
        "zip4": null,
        "zip_code": 92804
    }
},
{
    "pk": 12,
    "model": "aputils.address",
    "fields": {
        "city": 2,
        "address1": "2114 W Grace Ct",
        "address2": "",
        "details": "",
        "zip4": null,
        "zip_code": 92804
    }
},
{
    "pk": 13,
    "model": "aputils.address",
    "fields": {
        "city": 2,
        "address1": "2115 W Grace Ct",
        "address2": "",
        "details": "",
        "zip4": null,
        "zip_code": 92804
    }
},
{
    "pk": 14,
    "model": "aputils.address",
    "fields": {
        "city": 2,
        "address1": "2113 W Grace Ct",
        "address2": "",
        "details": "",
        "zip4": null,
        "zip_code": 92804
    }
},
{
    "pk": 15,
    "model": "aputils.address",
    "fields": {
        "city": 2,
        "address1": "2103 W Grace Ct",
        "address2": "",
        "details": "",
        "zip4": null,
        "zip_code": 92804
    }
},
{
    "pk": 16,
    "model": "aputils.address",
    "fields": {
        "city": 2,
        "address1": "2120 W Grace Ct",
        "address2": "",
        "details": "",
        "zip4": null,
        "zip_code": 92804
    }
},
{
    "pk": 17,
    "model": "aputils.address",
    "fields": {
        "city": 2,
        "address1": "2111 W Grace Ct",
        "address2": "",
        "details": "",
        "zip4": null,
        "zip_code": 92804
    }
},
{
    "pk": 18,
    "model": "aputils.address",
    "fields": {
        "city": 2,
        "address1": "2117 W Grace Ct",
        "address2": "",
        "details": "",
        "zip4": null,
        "zip_code": 92804
    }
},
{
    "pk": 19,
    "model": "aputils.address",
    "fields": {
        "city": 2,
        "address1": "2105 W Grace Ct",
        "address2": "",
        "details": "",
        "zip4": null,
        "zip_code": 92804
    }
},
{
    "pk": 20,
    "model": "aputils.address",
    "fields": {
        "city": 2,
        "address1": "2109 W Grace Ct",
        "address2": "",
        "details": "",
        "zip4": null,
        "zip_code": 92804
    }
},
{
    "pk": 21,
    "model": "aputils.address",
    "fields": {
        "city": 2,
        "address1": "905 Neptune Pl",
        "address2": "",
        "details": "",
        "zip4": null,
        "zip_code": 92804
    }
},
{
    "pk": 22,
    "model": "aputils.address",
    "fields": {
        "city": 2,
        "address1": "1827 W Beacon Ave",
        "address2": "",
        "details": "",
        "zip4": null,
        "zip_code": 92804
    }
},
{
    "pk": 23,
    "model": "aputils.address",
    "fields": {
        "city": 2,
        "address1": "1321 S Amberwick Ln",
        "address2": "",
        "details": "",
        "zip4": null,
        "zip_code": 92804
    }
},
{
    "pk": 24,
    "model": "aputils.address",
    "fields": {
        "city": 2,
        "address1": "1775 Castle Ave",
        "address2": "",
        "details": "",
        "zip4": null,
        "zip_code": 92804
    }
},
{
    "pk": 25,
    "model": "aputils.address",
    "fields": {
        "city": 2,
        "address1": "1807 W Chalet Ave",
        "address2": "",
        "details": "",
        "zip4": null,
        "zip_code": 92804
    }
},
{
    "pk": 26,
    "model": "aputils.address",
    "fields": {
        "city": 2,
        "address1": "1356 S Nutwood St",
        "address2": "",
        "details": "",
        "zip4": null,
        "zip_code": 92804
    }
},
{
    "pk": 27,
    "model": "aputils.address",
    "fields": {
        "city": 2,
        "address1": "1240 S Nutwood St",
        "address2": "",
        "details": "",
        "zip4": null,
        "zip_code": 92804
    }
},
{
    "pk": 28,
    "model": "aputils.address",
    "fields": {
        "city": 2,
        "address1": "1767 Minerva Ave",
        "address2": "",
        "details": "",
        "zip4": null,
        "zip_code": 92804
    }
},
{
    "pk": 29,
    "model": "aputils.address",
    "fields": {
        "city": 2,
        "address1": "1329 S Amberwick Ln",
        "address2": "",
        "details": "",
        "zip4": null,
        "zip_code": 92804
    }
},
{
    "pk": 30,
    "model": "aputils.address",
    "fields": {
        "city": 2,
        "address1": "1779 Colonial Ave",
        "address2": "",
        "details": "",
        "zip4": null,
        "zip_code": 92804
    }
},
{
    "pk": 31,
    "model": "aputils.address",
    "fields": {
        "city": 2,
        "address1": "713 S Agate St",
        "address2": "",
        "details": "",
        "zip4": null,
        "zip_code": 92804
    }
},
{
    "pk": 32,
    "model": "aputils.address",
    "fields": {
        "city": 2,
        "address1": "2147 W York Cir",
        "address2": "",
        "details": "",
        "zip4": null,
        "zip_code": 92804
    }
},
{
    "pk": 33,
    "model": "aputils.address",
    "fields": {
        "city": 2,
        "address1": "2151 W Churchill Cir",
        "address2": "",
        "details": "",
        "zip4": null,
        "zip_code": 92804
    }
},


   {
      "pk":34,
      "model":"aputils.address",
      "fields":{
         "city":2,
         "address1":"12345 Random St.",
         "address2":"",
         "details":"Fictional address",
         "zip4":null,
         "zip_code":92804
      }
   },
   {
      "pk":35,
      "model":"aputils.address",
      "fields":{
         "city":2,
         "address1":"134 Fake Ave.",
         "address2":"",
         "details":"Fictional address",
         "zip4":null,
         "zip_code":92804
      }
   },
   {
      "pk":36,
      "model":"aputils.address",
      "fields":{
         "city":1,
         "address1":"872 Mymomshouse Dr.",
         "address2":"",
         "details":"Fictional address",
         "zip4":null,
         "zip_code":90041
      }
   },
   {
      "pk":37,
      "model":"aputils.address",
      "fields":{
         "city":1,
         "address1":"4738 Fictional Blvd.",
         "address2":"",
         "details":"Fictional address",
         "zip4":null,
         "zip_code":90029
      }
   },
   {
      "pk":38,
      "model":"aputils.address",
      "fields":{
         "city":5,
         "address1":"7843 Whereilive St.",
         "address2":"",
         "details":"Fictional address",
         "zip4":null,
         "zip_code":94720
      }
   },
   {
      "pk":39,
      "model":"aputils.address",
      "fields":{
         "city":5,
         "address1":"788 Parentshouse Ave.",
         "address2":"",
         "details":"Fictional address",
         "zip4":null,
         "zip_code":94720
      }
   },
   {
      "pk":40,
      "model":"aputils.address",
      "fields":{
         "city":126,
         "address1":"1900 Fried Chicken St.",
         "address2":"",
         "details":"Fictional address",
         "zip4":null,
         "zip_code":40213
      }
   },
   {
      "pk":41,
      "model":"aputils.address",
      "fields":{
         "city":2,
         "address1":"2 Testimony St.",
         "address2":"",
         "details":"Fictional address",
         "zip4":null,
         "zip_code":92804
      }
   },
   {
      "pk":42,
      "model":"aputils.address",
      "fields":{
         "city":2,
         "address1":"4 Brothers Rd.",
         "address2":"",
         "details":"Fictional address",
         "zip4":null,
         "zip_code":92804
      }
   },
   {
      "pk":43,
      "model":"aputils.address",
      "fields":{
         "city":2,
         "address1":"10 Commandments Way",
         "address2":"",
         "details":"Fictional address",
         "zip4":null,
         "zip_code":92804
      }
   },

   
   {
      "pk":1,
      "model":"aputils.emergencyinfo",
      "fields":{
         "phone2":"7145550100",
         "phone":"7145550100",
         "relation":"father",
         "name":"John Doe",
         "address":34
      }
   },
   {
      "pk":2,
      "model":"aputils.emergencyinfo",
      "fields":{
         "phone2":"7145550100",
         "phone":"7145550100",
         "relation":"mother",
         "name":"Jane Doe",
         "address":34
      }
   },
   {
      "pk":3,
      "model":"aputils.emergencyinfo",
      "fields":{
         "phone2":"7145550100",
         "phone":"7145550100",
         "relation":"uncle",
         "name":"Uncle Bob",
         "address":38
      }
   },
   {
      "pk":4,
      "model":"aputils.emergencyinfo",
      "fields":{
         "phone2":"7145550100",
         "phone":"7145550100",
         "relation":"father",
         "name":"Rich Dad",
         "address":39
      }
   },
   {
      "pk":5,
      "model":"aputils.emergencyinfo",
      "fields":{
         "phone2":"7145550100",
         "phone":"7145550100",
         "relation":"mother",
         "name":"Momma Jones",
         "address":36
      }
   },
   {
      "pk":6,
      "model":"aputils.emergencyinfo",
      "fields":{
         "phone2":"7145550100",
         "phone":"7145550100",
         "relation":"sister",
         "name":"Mary Martha",
         "address":35
      }
   },
   {
      "pk":7,
      "model":"aputils.emergencyinfo",
      "fields":{
         "phone2":"7145550100",
         "phone":"7145550100",
         "relation":"grandfather",
         "name":"Colonel Sanders",
         "address":40
      }
   },
   {
      "pk":8,
      "model":"aputils.emergencyinfo",
      "fields":{
         "phone2":"7145550100",
         "phone":"7145550100",
         "relation":"grandmother",
         "name":"Anna Simeon",
         "address":41
      }
   },
   {
      "pk":9,
      "model":"aputils.emergencyinfo",
      "fields":{
         "phone2":"7145550100",
         "phone":"7145550100",
         "relation":"brother",
         "name":"Brother Hermano",
         "address":42
      }
   },
   {
      "pk":10,
      "model":"aputils.emergencyinfo",
      "fields":{
         "phone2":"7145550100",
         "phone":"7145550100",
         "relation":"great great great grandfather",
         "name":"Moses Aaron",
         "address":43
      }
   }
]
